{
  "id": "",
  "name": "",
  "font_family": "iconfont",
  "css_prefix_text": "icon-",
  "description": "",
  "glyphs": [
    {
      "icon_id": "1345893",
      "name": "密码",
      "font_class": "mima",
      "unicode": "e65b",
      "unicode_decimal": 58971
    },
    {
      "icon_id": "11391520",
      "name": "手机",
      "font_class": "shouji",
      "unicode": "e639",
      "unicode_decimal": 58937
    },
    {
      "icon_id": "22530014",
      "name": "护盾",
      "font_class": "hudun",
      "unicode": "e781",
      "unicode_decimal": 59265
    }
  ]
}
