{
  "id": "",
  "name": "",
  "font_family": "iconfont",
  "css_prefix_text": "icon-",
  "description": "",
  "glyphs": [
    {
      "icon_id": "357752",
      "name": "猫，狗，猫狗，心形",
      "font_class": "3",
      "unicode": "e62d",
      "unicode_decimal": 58925
    },
    {
      "icon_id": "554433",
      "name": "旗帜",
      "font_class": "iconset03100",
      "unicode": "e717",
      "unicode_decimal": 59159
    },
    {
      "icon_id": "750904",
      "name": "母婴",
      "font_class": "muying",
      "unicode": "e7b4",
      "unicode_decimal": 59316
    },
    {
      "icon_id": "3216131",
      "name": "酒瓶",
      "font_class": "icon--",
      "unicode": "e739",
      "unicode_decimal": 59193
    },
    {
      "icon_id": "4437603",
      "name": "下箭头",
      "font_class": "xiajiantou",
      "unicode": "e615",
      "unicode_decimal": 58901
    },
    {
      "icon_id": "4539891",
      "name": "衣架",
      "font_class": "yijia",
      "unicode": "e617",
      "unicode_decimal": 58903
    },
    {
      "icon_id": "5053160",
      "name": "洗手液",
      "font_class": "xishouye",
      "unicode": "e64d",
      "unicode_decimal": 58957
    },
    {
      "icon_id": "5173905",
      "name": "床",
      "font_class": "chuang",
      "unicode": "e61c",
      "unicode_decimal": 58908
    },
    {
      "icon_id": "5201483",
      "name": "换一批",
      "font_class": "huanyipi",
      "unicode": "e6e1",
      "unicode_decimal": 59105
    },
    {
      "icon_id": "5219383",
      "name": "汉堡包2",
      "font_class": "hanbaobao",
      "unicode": "e639",
      "unicode_decimal": 58937
    },
    {
      "icon_id": "5651561",
      "name": "指南针、导航",
      "font_class": "zhinanzhendaohang",
      "unicode": "e6a0",
      "unicode_decimal": 59040
    },
    {
      "icon_id": "6129212",
      "name": "170购物车、商城-线性",
      "font_class": "gouwucheshangcheng-xianxing",
      "unicode": "e7a9",
      "unicode_decimal": 59305
    },
    {
      "icon_id": "8288820",
      "name": "爱心",
      "font_class": "aixin",
      "unicode": "e83f",
      "unicode_decimal": 59455
    },
    {
      "icon_id": "8348137",
      "name": "上箭头",
      "font_class": "shangjiantou",
      "unicode": "e71e",
      "unicode_decimal": 59166
    },
    {
      "icon_id": "10392617",
      "name": "手机",
      "font_class": "shouji",
      "unicode": "e606",
      "unicode_decimal": 58886
    },
    {
      "icon_id": "10715451",
      "name": "相机",
      "font_class": "xiangji",
      "unicode": "e63a",
      "unicode_decimal": 58938
    },
    {
      "icon_id": "14055577",
      "name": "微博",
      "font_class": "weibo1",
      "unicode": "e619",
      "unicode_decimal": 58905
    },
    {
      "icon_id": "14055582",
      "name": "微信",
      "font_class": "weixin",
      "unicode": "e61a",
      "unicode_decimal": 58906
    },
    {
      "icon_id": "15559700",
      "name": "淘宝",
      "font_class": "shejiaotubiao-44",
      "unicode": "e648",
      "unicode_decimal": 58952
    },
    {
      "icon_id": "15726745",
      "name": "倒计时time-circle",
      "font_class": "daojishitime-circle",
      "unicode": "e609",
      "unicode_decimal": 58889
    },
    {
      "icon_id": "15933089",
      "name": "支付宝",
      "font_class": "zhifubao",
      "unicode": "e607",
      "unicode_decimal": 58887
    },
    {
      "icon_id": "16399765",
      "name": "搜索",
      "font_class": "sousuo",
      "unicode": "e63c",
      "unicode_decimal": 58940
    },
    {
      "icon_id": "19674530",
      "name": "上箭头",
      "font_class": "caret-up",
      "unicode": "eb21",
      "unicode_decimal": 60193
    },
    {
      "icon_id": "22321040",
      "name": "包-线性3-0",
      "font_class": "bao-xianxing3-0",
      "unicode": "e690",
      "unicode_decimal": 59024
    }
  ]
}
